{
  "success": true,
  "total_scenarios": 5,
  "passed": 5,
  "failed": 0,
  "suite_time_s": 81.05709075927734,
  "results": [
    {
      "scenario_id": "stream_en_01",
      "scenario_name": "English Streaming",
      "success": true,
      "elapsed_s": 23.23596715927124,
      "error": null,
      "metrics": {
        "asr_time_ms": 1524.2857933044434,
        "asr_language": "en",
        "llm_time_ms": 641.7508125305176,
        "ttff_ms": 11048.724889755249,
        "total_chunks": 2,
        "chunk_times_ms": [
          8265.913963317871,
          12050.698041915894
        ],
        "total_pipeline_ms": 23235.901832580566,
        "video_generation_ms": 20316.612005233765,
        "avg_chunk_time_ms": 10158.306002616882
      },
      "validations": {
        "scenario_id": "stream_en_01",
        "passed": true,
        "failures": [],
        "details": {
          "asr_language": {
            "passed": true,
            "detail": "Expected en, got en"
          },
          "has_response": {
            "passed": true,
            "detail": "Response length: 182"
          },
          "has_video": {
            "passed": true,
            "detail": "Video chunks: 2"
          }
        }
      },
      "all_validations_passed": true,
      "baseline_comparison": {
        "regressions": [],
        "improvements": [],
        "details": {
          "asr_time_ms": {
            "current": 1524.2857933044434,
            "baseline": 1510.8728408813477,
            "pct_change": 0.008877618327741886,
            "threshold": 0.2
          },
          "llm_time_ms": {
            "current": 641.7508125305176,
            "baseline": 729.4187545776367,
            "pct_change": -0.120188768792876,
            "threshold": 0.2
          },
          "ttff_ms": {
            "current": 11048.724889755249,
            "baseline": 10140.486001968384,
            "pct_change": 0.08956561723082757,
            "threshold": 0.3
          },
          "total_pipeline_ms": {
            "current": 23235.901832580566,
            "baseline": 23658.41007232666,
            "pct_change": -0.017858691199215595,
            "threshold": 0.2
          },
          "video_generation_ms": {
            "current": 20316.612005233765,
            "baseline": 20483.95037651062,
            "pct_change": -0.00816924314895558,
            "threshold": 0.2
          }
        },
        "has_regressions": false
      },
      "transcription": "If we want a stronger future, we",
      "llm_response": "If we want a stronger future, we must invest in education and innovation. By empowering individuals with knowledge and skills, we can drive progress and create opportunities for all."
    },
    {
      "scenario_id": "stream_zh_01",
      "scenario_name": "Chinese Streaming",
      "success": true,
      "elapsed_s": 14.032624959945679,
      "error": null,
      "metrics": {
        "asr_time_ms": 1613.4870052337646,
        "asr_language": "zh",
        "llm_time_ms": 746.922492980957,
        "ttff_ms": 14030.844926834106,
        "total_chunks": 1,
        "chunk_times_ms": [
          11157.930850982666
        ],
        "total_pipeline_ms": 14032.510042190552,
        "video_generation_ms": 11157.930850982666,
        "avg_chunk_time_ms": 11157.930850982666
      },
      "validations": {
        "scenario_id": "stream_zh_01",
        "passed": true,
        "failures": [],
        "details": {
          "asr_language": {
            "passed": true,
            "detail": "Language matched: zh"
          },
          "chinese_script": {
            "passed": true,
            "detail": "Contains Chinese chars: True, text: \u5c31\u7b97\u8ddf\u5927\u5bb6\u8001\u5be6\u8aaa \u4e2d\u6587\u4e0d..."
          },
          "has_response": {
            "passed": true,
            "detail": "Response length: 35"
          },
          "has_video": {
            "passed": true,
            "detail": "Video chunks: 1"
          }
        }
      },
      "all_validations_passed": true,
      "baseline_comparison": {
        "regressions": [
          {
            "metric": "llm_time_ms",
            "current": 746.922492980957,
            "baseline": 540.7900810241699,
            "pct_change": 0.38116899549341826
          }
        ],
        "improvements": [],
        "details": {
          "asr_time_ms": {
            "current": 1613.4870052337646,
            "baseline": 1567.432165145874,
            "pct_change": 0.02938234975138749,
            "threshold": 0.2
          },
          "llm_time_ms": {
            "current": 746.922492980957,
            "baseline": 540.7900810241699,
            "pct_change": 0.38116899549341826,
            "threshold": 0.2
          },
          "ttff_ms": {
            "current": 14030.844926834106,
            "baseline": 13020.593881607056,
            "pct_change": 0.07758870712142674,
            "threshold": 0.3
          },
          "total_pipeline_ms": {
            "current": 14032.510042190552,
            "baseline": 13021.283864974976,
            "pct_change": 0.07765948332756968,
            "threshold": 0.2
          },
          "video_generation_ms": {
            "current": 11157.930850982666,
            "baseline": 10392.71879196167,
            "pct_change": 0.07362963189313419,
            "threshold": 0.2
          }
        },
        "has_regressions": true
      },
      "transcription": "\u5c31\u7b97\u8ddf\u5927\u5bb6\u8001\u5be6\u8aaa \u4e2d\u6587\u4e0d...",
      "llm_response": "\u6ca1\u5173\u7cfb\u5440\uff0c\u8bed\u8a00\u53ea\u662f\u5de5\u5177\uff0c\u80fd\u8868\u8fbe\u6e05\u695a\u610f\u601d\u5c31\u597d\uff01\u6162\u6162\u6765\uff0c\u591a\u4ea4\u6d41\u5c31\u80fd\u8fdb\u6b65\u5566\u3002"
    },
    {
      "scenario_id": "stream_es_01",
      "scenario_name": "Spanish Streaming",
      "success": true,
      "elapsed_s": 13.820656061172485,
      "error": null,
      "metrics": {
        "asr_time_ms": 1585.7150554656982,
        "asr_language": "es",
        "llm_time_ms": 639.1541957855225,
        "ttff_ms": 13818.620920181274,
        "total_chunks": 1,
        "chunk_times_ms": [
          11048.47502708435
        ],
        "total_pipeline_ms": 13820.297002792358,
        "video_generation_ms": 11048.47502708435,
        "avg_chunk_time_ms": 11048.47502708435
      },
      "validations": {
        "scenario_id": "stream_es_01",
        "passed": true,
        "failures": [],
        "details": {
          "asr_language": {
            "passed": true,
            "detail": "Expected es, got es"
          },
          "has_response": {
            "passed": true,
            "detail": "Response length: 105"
          },
          "has_video": {
            "passed": true,
            "detail": "Video chunks: 1"
          }
        }
      },
      "all_validations_passed": true,
      "baseline_comparison": {
        "regressions": [],
        "improvements": [
          {
            "metric": "total_pipeline_ms",
            "current": 13820.297002792358,
            "baseline": 19394.224882125854,
            "pct_change": -0.28740142558986986
          },
          {
            "metric": "video_generation_ms",
            "current": 11048.47502708435,
            "baseline": 16567.92950630188,
            "pct_change": -0.33314087177387586
          }
        ],
        "details": {
          "asr_time_ms": {
            "current": 1585.7150554656982,
            "baseline": 1500.666618347168,
            "pct_change": 0.05667377156173601,
            "threshold": 0.2
          },
          "llm_time_ms": {
            "current": 639.1541957855225,
            "baseline": 622.9350566864014,
            "pct_change": 0.026036645273098107,
            "threshold": 0.2
          },
          "ttff_ms": {
            "current": 13818.620920181274,
            "baseline": 11264.579057693481,
            "pct_change": 0.22673211749918287,
            "threshold": 0.3
          },