{
  "success": true,
  "total_scenarios": 5,
  "passed": 5,
  "failed": 0,
  "suite_time_s": 91.2906596660614,
  "results": [
    {
      "scenario_id": "stream_en_01",
      "scenario_name": "English Streaming",
      "success": true,
      "elapsed_s": 21.819256067276,
      "error": null,
      "metrics": {
        "asr_time_ms": 1440.5219554901123,
        "asr_language": "en",
        "llm_time_ms": 483.853816986084,
        "ttff_ms": 13702.690839767456,
        "total_chunks": 2,
        "chunk_times_ms": [
          11281.118869781494,
          7925.86350440979
        ],
        "total_pipeline_ms": 21819.143772125244,
        "video_generation_ms": 19206.982374191284,
        "avg_chunk_time_ms": 9603.491187095642
      },
      "validations": {
        "scenario_id": "stream_en_01",
        "passed": true,
        "failures": [],
        "details": {
          "asr_language": {
            "passed": true,
            "detail": "Expected en, got en"
          },
          "has_response": {
            "passed": true,
            "detail": "Response length: 191"
          },
          "has_video": {
            "passed": true,
            "detail": "Video chunks: 2"
          }
        }
      },
      "all_validations_passed": true,
      "baseline_comparison": {
        "regressions": [
          {
            "metric": "ttff_ms",
            "current": 13702.690839767456,
            "baseline": 10140.486001968384,
            "pct_change": 0.3512854154236402
          }
        ],
        "improvements": [
          {
            "metric": "llm_time_ms",
            "current": 483.853816986084,
            "baseline": 729.4187545776367,
            "pct_change": -0.3366583818286176
          }
        ],
        "details": {
          "asr_time_ms": {
            "current": 1440.5219554901123,
            "baseline": 1510.8728408813477,
            "pct_change": -0.04656307499061079,
            "threshold": 0.2
          },
          "llm_time_ms": {
            "current": 483.853816986084,
            "baseline": 729.4187545776367,
            "pct_change": -0.3366583818286176,
            "threshold": 0.2
          },
          "ttff_ms": {
            "current": 13702.690839767456,
            "baseline": 10140.486001968384,
            "pct_change": 0.3512854154236402,
            "threshold": 0.3
          },
          "total_pipeline_ms": {
            "current": 21819.143772125244,
            "baseline": 23658.41007232666,
            "pct_change": -0.07774259954826016,
            "threshold": 0.2
          },
          "video_generation_ms": {
            "current": 19206.982374191284,
            "baseline": 20483.95037651062,
            "pct_change": -0.06233992852197407,
            "threshold": 0.2
          }
        },
        "has_regressions": true
      },
      "transcription": "If we want a stronger future, we",
      "llm_response": "If we want a stronger future, we should invest in education, promote innovation, and foster collaboration! These steps will help us build a more resilient and prosperous society for everyone."
    },
    {
      "scenario_id": "stream_zh_01",
      "scenario_name": "Chinese Streaming",
      "success": true,
      "elapsed_s": 17.240360021591187,
      "error": null,
      "metrics": {
        "asr_time_ms": 1551.8128871917725,
        "asr_language": "zh",
        "llm_time_ms": 529.1554927825928,
        "ttff_ms": 17198.073148727417,
        "total_chunks": 1,
        "chunk_times_ms": [
          14392.781972885132
        ],
        "total_pipeline_ms": 17240.13900756836,
        "video_generation_ms": 14392.781972885132,
        "avg_chunk_time_ms": 14392.781972885132
      },
      "validations": {
        "scenario_id": "stream_zh_01",
        "passed": true,
        "failures": [],
        "details": {
          "asr_language": {
            "passed": true,
            "detail": "Language matched: zh"
          },
          "chinese_script": {
            "passed": true,
            "detail": "Contains Chinese chars: True, text: \u5c31\u7b97\u8ddf\u5927\u5bb6\u8001\u5be6\u8aaa \u4e2d\u6587\u4e0d..."
          },
          "has_response": {
            "passed": true,
            "detail": "Response length: 53"
          },
          "has_video": {
            "passed": true,
            "detail": "Video chunks: 1"
          }
        }
      },
      "all_validations_passed": true,
      "baseline_comparison": {
        "regressions": [
          {
            "metric": "ttff_ms",
            "current": 17198.073148727417,
            "baseline": 13020.593881607056,
            "pct_change": 0.32083630786008044
          },
          {
            "metric": "total_pipeline_ms",
            "current": 17240.13900756836,
            "baseline": 13021.283864974976,
            "pct_change": 0.32399686439072123
          },
          {
            "metric": "video_generation_ms",
            "current": 14392.781972885132,
            "baseline": 10392.71879196167,
            "pct_change": 0.3848909280618025
          }
        ],
        "improvements": [],
        "details": {
          "asr_time_ms": {
            "current": 1551.8128871917725,
            "baseline": 1567.432165145874,
            "pct_change": -0.00996488288387775,
            "threshold": 0.2
          },
          "llm_time_ms": {
            "current": 529.1554927825928,
            "baseline": 540.7900810241699,
            "pct_change": -0.02151405628509883,
            "threshold": 0.2
          },
          "ttff_ms": {
            "current": 17198.073148727417,
            "baseline": 13020.593881607056,
            "pct_change": 0.32083630786008044,
            "threshold": 0.3
          },
          "total_pipeline_ms": {
            "current": 17240.13900756836,
            "baseline": 13021.283864974976,
            "pct_change": 0.32399686439072123,
            "threshold": 0.2
          },
          "video_generation_ms": {
            "current": 14392.781972885132,
            "baseline": 10392.71879196167,
            "pct_change": 0.3848909280618025,
            "threshold": 0.2
          }
        },
        "has_regressions": true
      },
      "transcription": "\u5c31\u7b97\u8ddf\u5927\u5bb6\u8001\u5be6\u8aaa \u4e2d\u6587\u4e0d...",
      "llm_response": "\u6ca1\u5173\u7cfb\uff0c\u8bed\u8a00\u53ea\u662f\u4ea4\u6d41\u7684\u5de5\u5177\uff01\u80fd\u7528\u4e2d\u6587\u6c9f\u901a\u5df2\u7ecf\u5f88\u68d2\u4e86\uff0c\u522b\u7ed9\u81ea\u5df1\u592a\u5927\u538b\u529b\u3002\u6162\u6162\u6765\uff0c\u591a\u7528\u591a\u5b66\uff0c\u4e00\u5b9a\u4f1a\u8d8a\u6765\u8d8a\u597d\u7684\uff01"
    },
    {
      "scenario_id": "stream_es_01",
      "scenario_name": "Spanish Streaming",
      "success": true,
      "elapsed_s": 22.00177311897278,
      "error": null,
      "metrics": {
        "asr_time_ms": 1484.7815036773682,
        "asr_language": "es",
        "llm_time_ms": 607.6514720916748,
        "ttff_ms": 9768.570184707642,
        "total_chunks": 3,
        "chunk_times_ms": [
          7174.258708953857,
          7776.17621421814,
          4025.364875793457
        ],
        "total_pipeline_ms": 22000.960111618042,
        "video_generation_ms": 18975.799798965454,
        "avg_chunk_time_ms": 6325.266599655151
      },
      "validations": {
        "scenario_id": "stream_es_01",
        "passed": true,
        "failures": [],
        "details": {
          "asr_language": {
            "passed": true,
            "detail": "Expected es, got es"
          },
          "has_response": {
            "passed": true,
            "detail": "Response length: 166"
          },
          "has_video": {
            "passed": true,
            "detail": "Video chunks: 3"
          }
        }
      },
      "all_validations_passed": true,
      "baseline_comparison": {
        "regressions": [],
        "improvements": [],